device_index,device_name,trial,openMs,startMs,firstSampleMs,error
0,"Microsoft Sound Mapper - Input",0,26.8,0.6,68.7,""
0,"Microsoft Sound Mapper - Input",1,18.3,0.4,59.0,""
0,"Microsoft Sound Mapper - Input",2,18.0,0.4,58.3,""
0,"Microsoft Sound Mapper - Input",3,18.2,0.4,57.0,""
0,"Microsoft Sound Mapper - Input",4,18.1,0.4,56.3,""
0,"Microsoft Sound Mapper - Input",5,17.7,0.4,55.3,""
0,"Microsoft Sound Mapper - Input",6,17.4,0.4,57.7,""
0,"Microsoft Sound Mapper - Input",7,17.4,0.4,56.0,""
0,"Microsoft Sound Mapper - Input",8,18.4,0.4,58.7,""
0,"Microsoft Sound Mapper - Input",9,18.4,0.4,57.0,""
0,"Microsoft Sound Mapper - Input",10,17.6,0.4,55.2,""
0,"Microsoft Sound Mapper - Input",11,17.6,0.4,57.6,""
0,"Microsoft Sound Mapper - Input",12,17.8,0.4,55.6,""
0,"Microsoft Sound Mapper - Input",13,18.5,0.4,57.5,""
0,"Microsoft Sound Mapper - Input",14,17.6,0.4,57.0,""
0,"Microsoft Sound Mapper - Input",15,17.3,0.4,55.2,""
0,"Microsoft Sound Mapper - Input",16,17.5,0.4,58.8,""
0,"Microsoft Sound Mapper - Input",17,18.1,0.4,57.6,""
0,"Microsoft Sound Mapper - Input",18,17.6,0.4,56.0,""
0,"Microsoft Sound Mapper - Input",19,17.2,0.4,58.2,""
1,"Microphone (streamplify Mic.)",0,16.5,0.2,55.8,""
1,"Microphone (streamplify Mic.)",1,17.7,0.2,55.1,""
1,"Microphone (streamplify Mic.)",2,17.8,0.3,56.7,""
1,"Microphone (streamplify Mic.)",3,16.9,0.2,54.2,""
1,"Microphone (streamplify Mic.)",4,16.5,0.2,56.8,""
1,"Microphone (streamplify Mic.)",5,16.8,0.2,55.7,""
1,"Microphone (streamplify Mic.)",6,16.7,0.2,54.8,""
1,"Microphone (streamplify Mic.)",7,17.2,0.2,57.1,""
1,"Microphone (streamplify Mic.)",8,16.9,0.3,56.0,""
1,"Microphone (streamplify Mic.)",9,18.0,0.2,58.5,""
1,"Microphone (streamplify Mic.)",10,17.0,0.3,56.4,""
1,"Microphone (streamplify Mic.)",11,17.9,0.3,58.3,""
1,"Microphone (streamplify Mic.)",12,16.7,0.2,57.1,""
1,"Microphone (streamplify Mic.)",13,16.9,0.2,55.0,""
1,"Microphone (streamplify Mic.)",14,16.9,0.2,57.9,""
1,"Microphone (streamplify Mic.)",15,17.0,0.2,56.0,""
1,"Microphone (streamplify Mic.)",16,17.0,0.2,54.4,""
1,"Microphone (streamplify Mic.)",17,17.3,0.2,56.6,""
1,"Microphone (streamplify Mic.)",18,16.9,0.2,54.9,""
1,"Microphone (streamplify Mic.)",19,16.6,0.3,57.1,""
4,"Primary Sound Capture Driver",0,16.8,0.5,77.7,""
4,"Primary Sound Capture Driver",1,17.1,0.5,78.7,""
4,"Primary Sound Capture Driver",2,17.2,0.5,78.3,""
4,"Primary Sound Capture Driver",3,17.8,2.8,77.0,""
4,"Primary Sound Capture Driver",4,17.4,0.5,78.2,""
4,"Primary Sound Capture Driver",5,16.8,0.5,78.9,""
4,"Primary Sound Capture Driver",6,16.8,0.5,77.5,""
4,"Primary Sound Capture Driver",7,17.7,0.5,78.4,""
4,"Primary Sound Capture Driver",8,17.3,0.5,78.3,""
4,"Primary Sound Capture Driver",9,17.4,0.5,78.3,""
4,"Primary Sound Capture Driver",10,18.2,0.5,78.4,""
4,"Primary Sound Capture Driver",11,17.6,0.5,77.7,""
4,"Primary Sound Capture Driver",12,17.1,0.5,78.3,""
4,"Primary Sound Capture Driver",13,17.2,0.5,77.8,""
4,"Primary Sound Capture Driver",14,17.5,0.5,77.8,""
4,"Primary Sound Capture Driver",15,17.6,0.5,78.3,""
4,"Primary Sound Capture Driver",16,17.4,0.5,78.3,""
4,"Primary Sound Capture Driver",17,17.0,0.5,77.6,""
4,"Primary Sound Capture Driver",18,17.0,0.5,77.7,""
4,"Primary Sound Capture Driver",19,17.5,0.5,77.8,""
5,"Microphone (streamplify Mic.)",0,16.8,0.5,78.1,""
5,"Microphone (streamplify Mic.)",1,17.2,0.5,77.9,""
5,"Microphone (streamplify Mic.)",2,17.3,0.5,78.5,""
5,"Microphone (streamplify Mic.)",3,17.0,0.5,77.9,""
5,"Microphone (streamplify Mic.)",4,16.7,0.5,77.8,""
5,"Microphone (streamplify Mic.)",5,17.1,0.5,78.5,""
5,"Microphone (streamplify Mic.)",6,17.8,0.5,78.5,""
5,"Microphone (streamplify Mic.)",7,17.2,0.5,78.0,""
5,"Microphone (streamplify Mic.)",8,17.6,0.5,77.8,""
5,"Microphone (streamplify Mic.)",9,17.6,0.5,77.9,""
5,"Microphone (streamplify Mic.)",10,17.8,0.5,78.5,""
5,"Microphone (streamplify Mic.)",11,17.3,0.5,78.4,""
5,"Microphone (streamplify Mic.)",12,17.4,0.5,77.9,""
5,"Microphone (streamplify Mic.)",13,16.5,0.6,78.4,""
5,"Microphone (streamplify Mic.)",14,17.4,0.5,78.5,""
5,"Microphone (streamplify Mic.)",15,17.6,0.5,77.8,""
5,"Microphone (streamplify Mic.)",16,17.1,0.5,78.8,""
5,"Microphone (streamplify Mic.)",17,17.5,0.5,78.8,""
5,"Microphone (streamplify Mic.)",18,17.4,0.5,78.4,""
5,"Microphone (streamplify Mic.)",19,16.8,0.5,78.3,""
9,"Microphone (streamplify Mic.)",0,15.6,3.5,,"no non-zero sample within 1500ms (buffers arrived but were silent/muted)"
9,"Microphone (streamplify Mic.)",1,18.0,0.8,,"no non-zero sample within 1500ms (buffers arrived but were silent/muted)"
9,"Microphone (streamplify Mic.)",2,17.2,0.8,,"no non-zero sample within 1500ms (buffers arrived but were silent/muted)"
9,"Microphone (streamplify Mic.)",3,17.7,0.8,,"no non-zero sample within 1500ms (buffers arrived but were silent/muted)"
9,"Microphone (streamplify Mic.)",4,17.0,0.8,,"no non-zero sample within 1500ms (buffers arrived but were silent/muted)"
9,"Microphone (streamplify Mic.)",5,16.6,1.1,,"no non-zero sample within 1500ms (buffers arrived but were silent/muted)"
9,"Microphone (streamplify Mic.)",6,17.4,0.8,,"no non-zero sample within 1500ms (buffers arrived but were silent/muted)"
9,"Microphone (streamplify Mic.)",7,16.9,0.8,,"no non-zero sample within 1500ms (buffers arrived but were silent/muted)"
9,"Microphone (streamplify Mic.)",8,17.4,0.7,,"no non-zero sample within 1500ms (buffers arrived but were silent/muted)"
9,"Microphone (streamplify Mic.)",9,17.0,0.7,,"no non-zero sample within 1500ms (buffers arrived but were silent/muted)"
9,"Microphone (streamplify Mic.)",10,16.5,0.8,,"no non-zero sample within 1500ms (buffers arrived but were silent/muted)"
9,"Microphone (streamplify Mic.)",11,17.0,0.8,,"no non-zero sample within 1500ms (buffers arrived but were silent/muted)"
9,"Microphone (streamplify Mic.)",12,16.5,0.8,,"no non-zero sample within 1500ms (buffers arrived but were silent/muted)"
9,"Microphone (streamplify Mic.)",13,17.1,0.8,,"no non-zero sample within 1500ms (buffers arrived but were silent/muted)"
9,"Microphone (streamplify Mic.)",14,16.9,0.9,,"no non-zero sample within 1500ms (buffers arrived but were silent/muted)"
9,"Microphone (streamplify Mic.)",15,17.2,0.7,,"no non-zero sample within 1500ms (buffers arrived but were silent/muted)"
9,"Microphone (streamplify Mic.)",16,17.1,0.8,,"no non-zero sample within 1500ms (buffers arrived but were silent/muted)"
9,"Microphone (streamplify Mic.)",17,17.1,0.6,,"no non-zero sample within 1500ms (buffers arrived but were silent/muted)"
9,"Microphone (streamplify Mic.)",18,16.9,0.9,,"no non-zero sample within 1500ms (buffers arrived but were silent/muted)"
9,"Microphone (streamplify Mic.)",19,16.4,0.8,,"no non-zero sample within 1500ms (buffers arrived but were silent/muted)"
10,"Stereo Mix (Realtek HD Audio Stereo input)",0,,,,"Error stopping PortAudio Stream"
10,"Stereo Mix (Realtek HD Audio Stereo input)",1,,,,"Error stopping PortAudio Stream"
10,"Stereo Mix (Realtek HD Audio Stereo input)",2,,,,"Error stopping PortAudio Stream"
10,"Stereo Mix (Realtek HD Audio Stereo input)",3,,,,"Error stopping PortAudio Stream"
10,"Stereo Mix (Realtek HD Audio Stereo input)",4,,,,"Error stopping PortAudio Stream"
10,"Stereo Mix (Realtek HD Audio Stereo input)",5,,,,"Error stopping PortAudio Stream"
10,"Stereo Mix (Realtek HD Audio Stereo input)",6,,,,"Error stopping PortAudio Stream"
10,"Stereo Mix (Realtek HD Audio Stereo input)",7,,,,"Error stopping PortAudio Stream"
10,"Stereo Mix (Realtek HD Audio Stereo input)",8,,,,"Error stopping PortAudio Stream"
10,"Stereo Mix (Realtek HD Audio Stereo input)",9,,,,"Error stopping PortAudio Stream"
10,"Stereo Mix (Realtek HD Audio Stereo input)",10,,,,"Error stopping PortAudio Stream"
10,"Stereo Mix (Realtek HD Audio Stereo input)",11,,,,"Error stopping PortAudio Stream"
10,"Stereo Mix (Realtek HD Audio Stereo input)",12,,,,"Error stopping PortAudio Stream"
10,"Stereo Mix (Realtek HD Audio Stereo input)",13,,,,"Error stopping PortAudio Stream"
10,"Stereo Mix (Realtek HD Audio Stereo input)",14,,,,"Error stopping PortAudio Stream"
10,"Stereo Mix (Realtek HD Audio Stereo input)",15,,,,"Error stopping PortAudio Stream"
10,"Stereo Mix (Realtek HD Audio Stereo input)",16,,,,"Error stopping PortAudio Stream"
10,"Stereo Mix (Realtek HD Audio Stereo input)",17,,,,"Error stopping PortAudio Stream"
10,"Stereo Mix (Realtek HD Audio Stereo input)",18,,,,"Error stopping PortAudio Stream"
10,"Stereo Mix (Realtek HD Audio Stereo input)",19,,,,"Error stopping PortAudio Stream"
11,"Line In (Realtek HD Audio Line input)",0,,,,"Error stopping PortAudio Stream"
11,"Line In (Realtek HD Audio Line input)",1,,,,"Error stopping PortAudio Stream"
11,"Line In (Realtek HD Audio Line input)",2,,,,"Error stopping PortAudio Stream"
11,"Line In (Realtek HD Audio Line input)",3,,,,"Error stopping PortAudio Stream"
11,"Line In (Realtek HD Audio Line input)",4,,,,"Error stopping PortAudio Stream"
11,"Line In (Realtek HD Audio Line input)",5,,,,"Error stopping PortAudio Stream"
11,"Line In (Realtek HD Audio Line input)",6,,,,"Error stopping PortAudio Stream"
11,"Line In (Realtek HD Audio Line input)",7,,,,"Error stopping PortAudio Stream"
11,"Line In (Realtek HD Audio Line input)",8,,,,"Error stopping PortAudio Stream"
11,"Line In (Realtek HD Audio Line input)",9,,,,"Error stopping PortAudio Stream"
11,"Line In (Realtek HD Audio Line input)",10,,,,"Error stopping PortAudio Stream"
11,"Line In (Realtek HD Audio Line input)",11,,,,"Error stopping PortAudio Stream"
11,"Line In (Realtek HD Audio Line input)",12,,,,"Error stopping PortAudio Stream"
11,"Line In (Realtek HD Audio Line input)",13,,,,"Error stopping PortAudio Stream"
11,"Line In (Realtek HD Audio Line input)",14,,,,"Error stopping PortAudio Stream"
11,"Line In (Realtek HD Audio Line input)",15,,,,"Error stopping PortAudio Stream"
11,"Line In (Realtek HD Audio Line input)",16,,,,"Error stopping PortAudio Stream"
11,"Line In (Realtek HD Audio Line input)",17,,,,"Error stopping PortAudio Stream"
11,"Line In (Realtek HD Audio Line input)",18,,,,"Error stopping PortAudio Stream"
11,"Line In (Realtek HD Audio Line input)",19,,,,"Error stopping PortAudio Stream"
12,"Microphone (Realtek HD Audio Mic input)",0,,,,"Error stopping PortAudio Stream"
12,"Microphone (Realtek HD Audio Mic input)",1,,,,"Error stopping PortAudio Stream"
12,"Microphone (Realtek HD Audio Mic input)",2,,,,"Error stopping PortAudio Stream"
12,"Microphone (Realtek HD Audio Mic input)",3,,,,"Error stopping PortAudio Stream"
12,"Microphone (Realtek HD Audio Mic input)",4,,,,"Error stopping PortAudio Stream"
12,"Microphone (Realtek HD Audio Mic input)",5,,,,"Error stopping PortAudio Stream"
12,"Microphone (Realtek HD Audio Mic input)",6,,,,"Error stopping PortAudio Stream"
12,"Microphone (Realtek HD Audio Mic input)",7,,,,"Error stopping PortAudio Stream"
12,"Microphone (Realtek HD Audio Mic input)",8,,,,"Error stopping PortAudio Stream"
12,"Microphone (Realtek HD Audio Mic input)",9,,,,"Error stopping PortAudio Stream"
12,"Microphone (Realtek HD Audio Mic input)",10,,,,"Error stopping PortAudio Stream"
12,"Microphone (Realtek HD Audio Mic input)",11,,,,"Error stopping PortAudio Stream"
12,"Microphone (Realtek HD Audio Mic input)",12,,,,"Error stopping PortAudio Stream"
12,"Microphone (Realtek HD Audio Mic input)",13,,,,"Error stopping PortAudio Stream"
12,"Microphone (Realtek HD Audio Mic input)",14,,,,"Error stopping PortAudio Stream"
12,"Microphone (Realtek HD Audio Mic input)",15,,,,"Error stopping PortAudio Stream"
12,"Microphone (Realtek HD Audio Mic input)",16,,,,"Error stopping PortAudio Stream"
12,"Microphone (Realtek HD Audio Mic input)",17,,,,"Error stopping PortAudio Stream"
12,"Microphone (Realtek HD Audio Mic input)",18,,,,"Error stopping PortAudio Stream"
12,"Microphone (Realtek HD Audio Mic input)",19,,,,"Error stopping PortAudio Stream"
17,"Headset (@System32\drivers\bthhfenum.sys,#2;%1 Hands-Free%0
;(Nothing Ear (open)))",0,,,,"Error starting PortAudio Stream"
17,"Headset (@System32\drivers\bthhfenum.sys,#2;%1 Hands-Free%0
;(Nothing Ear (open)))",1,,,,"Error starting PortAudio Stream"
17,"Headset (@System32\drivers\bthhfenum.sys,#2;%1 Hands-Free%0
;(Nothing Ear (open)))",2,,,,"Error starting PortAudio Stream"
17,"Headset (@System32\drivers\bthhfenum.sys,#2;%1 Hands-Free%0
;(Nothing Ear (open)))",3,,,,"Error starting PortAudio Stream"
17,"Headset (@System32\drivers\bthhfenum.sys,#2;%1 Hands-Free%0
;(Nothing Ear (open)))",4,,,,"Error starting PortAudio Stream"
17,"Headset (@System32\drivers\bthhfenum.sys,#2;%1 Hands-Free%0
;(Nothing Ear (open)))",5,,,,"Error starting PortAudio Stream"
17,"Headset (@System32\drivers\bthhfenum.sys,#2;%1 Hands-Free%0
;(Nothing Ear (open)))",6,,,,"Error starting PortAudio Stream"
17,"Headset (@System32\drivers\bthhfenum.sys,#2;%1 Hands-Free%0
;(Nothing Ear (open)))",7,,,,"Error starting PortAudio Stream"
17,"Headset (@System32\drivers\bthhfenum.sys,#2;%1 Hands-Free%0
;(Nothing Ear (open)))",8,,,,"Error starting PortAudio Stream"
17,"Headset (@System32\drivers\bthhfenum.sys,#2;%1 Hands-Free%0
;(Nothing Ear (open)))",9,,,,"Error starting PortAudio Stream"
17,"Headset (@System32\drivers\bthhfenum.sys,#2;%1 Hands-Free%0
;(Nothing Ear (open)))",10,,,,"Error starting PortAudio Stream"
17,"Headset (@System32\drivers\bthhfenum.sys,#2;%1 Hands-Free%0
;(Nothing Ear (open)))",11,,,,"Error starting PortAudio Stream"
17,"Headset (@System32\drivers\bthhfenum.sys,#2;%1 Hands-Free%0
;(Nothing Ear (open)))",12,,,,"Error starting PortAudio Stream"
17,"Headset (@System32\drivers\bthhfenum.sys,#2;%1 Hands-Free%0
;(Nothing Ear (open)))",13,,,,"Error starting PortAudio Stream"
17,"Headset (@System32\drivers\bthhfenum.sys,#2;%1 Hands-Free%0
;(Nothing Ear (open)))",14,,,,"Error starting PortAudio Stream"
17,"Headset (@System32\drivers\bthhfenum.sys,#2;%1 Hands-Free%0
;(Nothing Ear (open)))",15,,,,"Error starting PortAudio Stream"
17,"Headset (@System32\drivers\bthhfenum.sys,#2;%1 Hands-Free%0
;(Nothing Ear (open)))",16,,,,"Error starting PortAudio Stream"
17,"Headset (@System32\drivers\bthhfenum.sys,#2;%1 Hands-Free%0
;(Nothing Ear (open)))",17,,,,"Error starting PortAudio Stream"
17,"Headset (@System32\drivers\bthhfenum.sys,#2;%1 Hands-Free%0
;(Nothing Ear (open)))",18,,,,"Error starting PortAudio Stream"
17,"Headset (@System32\drivers\bthhfenum.sys,#2;%1 Hands-Free%0
;(Nothing Ear (open)))",19,,,,"Error starting PortAudio Stream"
19,"Microphone (streamplify Mic.)",0,11.0,5.2,,"no non-zero sample within 1500ms (buffers arrived but were silent/muted)"
19,"Microphone (streamplify Mic.)",1,0.2,6.4,,"no non-zero sample within 1500ms (buffers arrived but were silent/muted)"
19,"Microphone (streamplify Mic.)",2,0.2,6.2,,"no non-zero sample within 1500ms (buffers arrived but were silent/muted)"
19,"Microphone (streamplify Mic.)",3,0.2,5.4,,"no non-zero sample within 1500ms (buffers arrived but were silent/muted)"
19,"Microphone (streamplify Mic.)",4,0.2,3.7,,"no non-zero sample within 1500ms (buffers arrived but were silent/muted)"
19,"Microphone (streamplify Mic.)",5,0.2,5.0,,"no non-zero sample within 1500ms (buffers arrived but were silent/muted)"
19,"Microphone (streamplify Mic.)",6,0.2,3.6,,"no non-zero sample within 1500ms (buffers arrived but were silent/muted)"
19,"Microphone (streamplify Mic.)",7,0.2,5.8,,"no non-zero sample within 1500ms (buffers arrived but were silent/muted)"
19,"Microphone (streamplify Mic.)",8,0.2,3.0,,"no non-zero sample within 1500ms (buffers arrived but were silent/muted)"
19,"Microphone (streamplify Mic.)",9,0.2,2.8,,"no non-zero sample within 1500ms (buffers arrived but were silent/muted)"
19,"Microphone (streamplify Mic.)",10,0.2,6.1,,"no non-zero sample within 1500ms (buffers arrived but were silent/muted)"
19,"Microphone (streamplify Mic.)",11,0.2,5.0,,"no non-zero sample within 1500ms (buffers arrived but were silent/muted)"
19,"Microphone (streamplify Mic.)",12,0.2,4.0,,"no non-zero sample within 1500ms (buffers arrived but were silent/muted)"
19,"Microphone (streamplify Mic.)",13,0.2,3.3,,"no non-zero sample within 1500ms (buffers arrived but were silent/muted)"
19,"Microphone (streamplify Mic.)",14,0.2,3.9,,"no non-zero sample within 1500ms (buffers arrived but were silent/muted)"
19,"Microphone (streamplify Mic.)",15,0.2,3.6,,"no non-zero sample within 1500ms (buffers arrived but were silent/muted)"
19,"Microphone (streamplify Mic.)",16,0.2,5.0,,"no non-zero sample within 1500ms (buffers arrived but were silent/muted)"
19,"Microphone (streamplify Mic.)",17,0.2,4.9,,"no non-zero sample within 1500ms (buffers arrived but were silent/muted)"
19,"Microphone (streamplify Mic.)",18,0.2,4.6,,"no non-zero sample within 1500ms (buffers arrived but were silent/muted)"
19,"Microphone (streamplify Mic.)",19,0.2,6.6,,"no non-zero sample within 1500ms (buffers arrived but were silent/muted)"
